{
  "project_info": {
    "project_number": "340844255739",
    "firebase_url": "https://vlva-smart-cinec-final-default-rtdb.firebaseio.com",
    "project_id": "vlva-smart-cinec-final",
    "storage_bucket": "vlva-smart-cinec-final.appspot.com"
  },
  "client": [
    {
      "client_info": {
        "mobilesdk_app_id": "1:340844255739:android:4ad8a87172241dff1c535e",
        "android_client_info": {
          "package_name": "com.dominicsilveira.parkingsystem"
        }
      },
      "oauth_client": [
        {
          "client_id": "340844255739-mg7uq06fis4lo7lugu8q89jhr9hl4v02.apps.googleusercontent.com",
          "client_type": 3
        }
      ],
      "api_key": [
        {
          "current_key": "AIzaSyBCvyVPrJasi-BBdCSwFkeigkcI0Q7pCBU"
        }
      ],
      "services": {
        "appinvite_service": {
          "other_platform_oauth_client": [
            {
              "client_id": "340844255739-mg7uq06fis4lo7lugu8q89jhr9hl4v02.apps.googleusercontent.com",
              "client_type": 3
            }
          ]
        }
      }
    }
  ],
  "configuration_version": "1"
}